{
  "confounded": [
    {"mouthUpperUp_R": 0.04916824, "mouthPress_L": 0.01793645, "mouthLowerDown_L": 0.1098424, "browDown_L": 0.6988648, "cheekPuff": 0.03969294, "mouthShrugLower": 0.07434358, "eyeLookUp_R": 0.0, "jawLeft": 0.0006076524, "eyeBlink_L": 0.00077, "eyeLookIn_L": 0.0000021, "eyeLookOut_R": 0.0, "mouthShrugUpper": 0.05174913, "mouthFrown_L": 0.04334426, "jawForward": 0.04500164, "eyeSquint_R": 0.2169571, "mouthStretch_L": 0.1261018, "jawRight": 0.002491581, "cheekSquint_R": 0.06035921, "jawOpen": 0.02339002, "eyeWide_L": 0.1609136, "noseSneer_R": 0.07901191, "browOuterUp_L": 0, "eyeWide_R": 0.1598813, "eyeLookDown_R": 0.1904407, "browOuterUp_R": 0, "mouthSmile_R": 0.0001026122, "mouthPress_R": 0.01506328, "mouthClose": 0.007951718, "cheekSquint_L": 0.05124586, "eyeLookDown_L": 0.1910205, "mouthRight": 0.008199082, "mouthRollUpper": 0.03237071, "eyeSquint_L": 0.2170126, "mouthRollLower": 0.03958786, "mouthStretch_R": 0.1143681, "mouthDimple_L": 0.0352068, "mouthUpperUp_L": 0.05040645, "mouthPucker": 0.07218738, "noseSneer_L": 0.07557447, "browDown_R": 0.696454, "browInnerUp": 0.04071828, "mouthLowerDown_R": 0.1066094, "eyeLookUp_L": 0.0, "eyeLookIn_R": 0.1285159, "mouthFunnel": 0.05096278, "mouthFrown_R": 0.02397701, "eyeLookOut_L": 0.01655908, "mouthLeft": 0.000044, "mouthDimple_R": 0.02901487, "eyeBlink_R": 7.729933e-05, "mouthSmile_L": 0.0000017369},
    {"mouthUpperUp_R": 0.1137114, "mouthPress_L": 0.1056484, "mouthLowerDown_L": 0.03188697, "browDown_L": 0.740168, "cheekPuff": 0.1064293, "mouthShrugLower": 0.171001, "eyeLookUp_R": 9.763317e-10, "jawLeft": 6.09701e-11, "eyeBlink_L": -3.838215e-13, "eyeLookIn_L": 1.529749e-05, "eyeLookOut_R": -1.659153e-09, "mouthShrugUpper": 0.05007895, "mouthFrown_L": 0.05736449, "jawForward": 0.1320742, "eyeSquint_R": 0.1736434, "mouthStretch_L": 0.095789, "jawRight": 0.01747923, "cheekSquint_R": 0.0266564, "jawOpen": 0.01074265, "eyeWide_L": 0.5878651, "noseSneer_R": 0.0487826, "browOuterUp_L": 0, "eyeWide_R": 0.5878501, "eyeLookDown_R": 0.1255506, "browOuterUp_R": 0, "mouthSmile_R": 0.01409315, "mouthPress_R": 0.09226709, "mouthClose": 0.003239194, "cheekSquint_L": 0.02324835, "eyeLookDown_L": 0.1260033, "mouthRight": 0.01324405, "mouthRollUpper": 0.04439338, "eyeSquint_L": 0.173817, "mouthRollLower": 0.2911721, "mouthStretch_R": 0.08194334, "mouthDimple_L": 0.4117899, "mouthUpperUp_L": 0.1098954, "mouthPucker": 0.009005721, "noseSneer_L": 0.05067012, "browDown_R": 0.7393253, "browInnerUp": 0.01632948, "mouthLowerDown_R": 0.03575275, "eyeLookUp_L": 9.702473e-10, "eyeLookIn_R": 0.1320736, "mouthFunnel": 0.06433166, "mouthFrown_R": 0.02244752, "eyeLookOut_L": 0.02091203, "mouthLeft": 3.161759e-14, "mouthDimple_R": 0.3695268, "eyeBlink_R": -3.828162e-13, "mouthSmile_L": 0.0126598}
  ],
  "astonished": [
    {"mouthUpperUp_R": 0.03203995, "mouthPress_L": 0.02983941, "mouthLowerDown_L": 0.4772013, "browDown_L": 0.04923699, "cheekPuff": 0.02476553, "mouthShrugLower": 0.01674375, "eyeLookUp_R": 7.000957e-08, "jawLeft": 0.05557121, "eyeBlink_L": 3.838732e-07, "eyeLookIn_L": 0.06721932, "eyeLookOut_R": 7.590471e-06, "mouthShrugUpper": 0.3906321, "mouthFrown_L": 0.003314596, "jawForward": 0.07914265, "eyeSquint_R": 0.126027, "mouthStretch_L": 0.1114497, "jawRight": 3.352489e-06, "cheekSquint_R": 0.01173012, "jawOpen": 0.5004249, "eyeWide_L": 0.9694339, "noseSneer_R": 0.04407832, "browOuterUp_L": 0.004203278, "eyeWide_R": 0.9694056, "eyeLookDown_R": 0.2306339, "browOuterUp_R": 0.00423046, "mouthSmile_R": 0.0467019, "mouthPress_R": 0.02362332, "mouthClose": 0.267114, "cheekSquint_L": 0.006426184, "eyeLookDown_L": 0.2307446, "mouthRight": 0.02555244, "mouthRollUpper": 0.0658472, "eyeSquint_L": 0.1253541, "mouthRollLower": 0.0122296, "mouthStretch_R": 0.09881841, "mouthDimple_L": 0.01550898, "mouthUpperUp_L": 0.03644169, "mouthPucker": 0.23944, "noseSneer_L": 0.04798925, "browDown_R": 0.05453171, "browInnerUp": 0.1373203, "mouthLowerDown_R": 0.4932885, "eyeLookUp_L": 6.999529e-08, "eyeLookIn_R": 0.04801255, "mouthFunnel": 0.2480827, "mouthFrown_R": 0.004898706, "eyeLookOut_L": 1.094717e-07, "mouthLeft": 7.269479e-09, "mouthDimple_R": 0.0122344, "eyeBlink_R": 3.837838e-07, "mouthSmile_L": 0.04456472},
    {"mouthUpperUp_R": 0.03942087, "mouthPress_L": 0.03178558, "mouthLowerDown_L": 0.4582208, "browDown_L": 0.2002716, "cheekPuff": 0.02626063, "mouthShrugLower": 0.02073333, "eyeLookUp_R": 2.431008e-18, "jawLeft": 0.01266881, "eyeBlink_L": -3.89909e-07, "eyeLookIn_L": 0.01877255, "eyeLookOut_R": 2.635713e-16, "mouthShrugUpper": 0.382053, "mouthFrown_L": 0.001382692, "jawForward": 0.05802928, "eyeSquint_R": 0.1293687, "mouthStretch_L": 0.1265252, "jawRight": 0.005362091, "cheekSquint_R": 0.01571786, "jawOpen": 0.3947408, "eyeWide_L": 0.8509723, "noseSneer_R": 0.05417096, "browOuterUp_L": 0.0003199745, "eyeWide_R": 0.8510038, "eyeLookDown_R": 0.2143918, "browOuterUp_R": 0.0003157236, "mouthSmile_R": 0.06723192, "mouthPress_R": 0.02620701, "mouthClose": 0.2128114, "cheekSquint_L": 0.008250356, "eyeLookDown_L": 0.2146948, "mouthRight": 0.03110554, "mouthRollUpper": 0.04727461, "eyeSquint_L": 0.1288661, "mouthRollLower": 0.01026854, "mouthStretch_R": 0.1090701, "mouthDimple_L": 0.01327183, "mouthUpperUp_L": 0.04240665, "mouthPucker": 0.2632389, "noseSneer_L": 0.05983128, "browDown_R": 0.2003329, "browInnerUp": 0.09977232, "mouthLowerDown_R": 0.4610538, "eyeLookUp_L": 2.430514e-18, "eyeLookIn_R": 0.09609444, "mouthFunnel": 0.2411402, "mouthFrown_R": 0.000595758, "eyeLookOut_L": 4.12611e-07, "mouthLeft": 9.253071e-10, "mouthDimple_R": 0.01172496, "eyeBlink_R": -3.887348e-07, "mouthSmile_L": 0.05089202}
  ],
  "neutral_face": [
    {"mouthUpperUp_R": 0.02910572, "mouthPress_L": 0.04501858, "mouthLowerDown_L": 0.04274305, "browDown_L": 0.4116148, "cheekPuff": 0.1036032, "mouthShrugLower": 0.09791901, "eyeLookUp_R": -4.225253e-10, "jawLeft": 1.73745e-05, "eyeBlink_L": 0.00133585, "eyeLookIn_L": 1.739357e-06, "eyeLookOut_R": 2.41893e-06, "mouthShrugUpper": 0.02643374, "mouthFrown_L": 0.01429304, "jawForward": 0.01790315, "eyeSquint_R": 0.1881642, "mouthStretch_L": 0.08408692, "jawRight": 0.006842344, "cheekSquint_R": 0.03928713, "jawOpen": 0.01009762, "eyeWide_L": 0.1041431, "noseSneer_R": 0.06016009, "browOuterUp_L": 1.976792e-07, "eyeWide_R": 0.10437, "eyeLookDown_R": 0.1882797, "browOuterUp_R": 1.963726e-07, "mouthSmile_R": 0.02935027, "mouthPress_R": 0.04615565, "mouthClose": 0.005664668, "cheekSquint_L": 0.02300484, "eyeLookDown_L": 0.1890469, "mouthRight": 0.00853227, "mouthRollUpper": 0.0474278, "eyeSquint_L": 0.1872782, "mouthRollLower": 0.02995373, "mouthStretch_R": 0.06099566, "mouthDimple_L": 0.06518929, "mouthUpperUp_L": 0.02843934, "mouthPucker": 0.09454261, "noseSneer_L": 0.05879151, "browDown_R": 0.4114375, "browInnerUp": 0.04155007, "mouthLowerDown_R": 0.03861678, "eyeLookUp_L": -1.05538e-09, "eyeLookIn_R": 0.1610656, "mouthFunnel": 0.06341817, "mouthFrown_R": 5.904077e-06, "eyeLookOut_L": 0.04822558, "mouthLeft": 6.821925e-07, "mouthDimple_R": 0.05777754, "eyeBlink_R": 0.001323114, "mouthSmile_L": 0.003527625},
    {"mouthUpperUp_R": 0.04124279, "mouthPress_L": 0.04785112, "mouthLowerDown_L": 0.04244852, "browDown_L": 0.4238866, "cheekPuff": 0.1031973, "mouthShrugLower": 0.1395636, "eyeLookUp_R": -5.798192e-18, "jawLeft": 0.006867341, "eyeBlink_L": 0.0001774456, "eyeLookIn_L": 2.386865e-14, "eyeLookOut_R": 3.319421e-14, "mouthShrugUpper": 0.02969994, "mouthFrown_L": 0.007507288, "jawForward": 0.01958591, "eyeSquint_R": 0.1908237, "mouthStretch_L": 0.09435629, "jawRight": 1.581427e-05, "cheekSquint_R": 0.04409153, "jawOpen": 0.00905118, "eyeWide_L": 0.07369412, "noseSneer_R": 0.06757613, "browOuterUp_L": 2.712688e-15, "eyeWide_R": 0.07395822, "eyeLookDown_R": 0.1644222, "browOuterUp_R": 2.694759e-15, "mouthSmile_R": 0.03125104, "mouthPress_R": 0.04797293, "mouthClose": 0.004505062, "cheekSquint_L": 0.02824779, "eyeLookDown_L": 0.1651355, "mouthRight": 0.006604013, "mouthRollUpper": 0.0383995,